doc_id,text
0,"STEM education emphasizes science, technology, engineering, and mathematics in curricula. Cybersecurity measures protect computer systems and networks from unauthorized access and attacks."
1,"Computer networks connect devices and systems to enable communication and resource sharing. Telemedicine technology enables remote healthcare delivery through video consultations and monitoring. Project management methodologies help teams plan, execute, and complete work within constraints. Ecology investigates relationships between organisms and their environment in natural ecosystems. STEM education emphasizes science, technology, engineering, and mathematics in curricula."
2,"Public health initiatives promote wellness and prevent disease in communities and populations. STEM education emphasizes science, technology, engineering, and mathematics in curricula."
3,"Physics explores fundamental laws governing matter, energy, space, and time in the universe. Ecology investigates relationships between organisms and their environment in natural ecosystems. Computer networks connect devices and systems to enable communication and resource sharing. Literacy programs help individuals develop reading, writing, and communication skills. Entrepreneurship involves creating and managing new business ventures to solve market problems."
4,"Physics explores fundamental laws governing matter, energy, space, and time in the universe. Telemedicine technology enables remote healthcare delivery through video consultations and monitoring. Deep learning neural networks have revolutionized computer vision and natural language processing tasks. Cybersecurity measures protect additionally, computer systems and networks from unauthorized access and attacks."
5,"Information retrieval systems help users find relevant documents from large collections of text data. Computer networks connect devices and systems to enable communication and resource sharing. STEM education emphasizes science, technology, engineering, and mathematics in curricula. Medical diagnosis uses symptoms, tests, and imaging to identify diseases and health conditions."
6,"E-commerce platforms enable online buying and selling of products and services globally. Public health initiatives promote wellness and prevent disease in communities and populations. Climate change affects global temperatures, weather patterns, and sea levels around the world. Deep learning neural networks have revolutionized computer vision and natural language processing tasks. Higher education institutions offer undergraduate and graduate degree programs in various fields."
7,"Healthcare informatics applies information technology to improve patient care and outcomes. Information retrieval systems help users find relevant documents from large collections of text data. Supply chain management optimizes the flow of goods from manufacturers to end consumers. Cloud computing platforms provide scalable infrastructure for deploying and managing applications. Natural language processing enables computers to understand, interpret, and generate human language."
8,Deep learning neural networks have revolutionized computer vision and natural language processing tasks. Corporate strategy defines long-term goals and competitive positioning in the marketplace.
9,"Online learning platforms provide digital courses and educational resources accessible worldwide. Chemistry examines the properties, composition, and reactions of matter at the molecular level. Corporate strategy defines long-term goals and competitive positioning in the marketplace. Human resources departments handle recruitment, training, and employee relations in organizations."
10,"Nutrition science studies the role of diet and nutrients in health, disease, and wellbeing. Neuroscience research investigates the structure and function of the nervous system and brain."
11,Online learning platforms provide digital courses and educational resources accessible worldwide. Public health initiatives promote wellness and prevent disease in communities and populations. Quality management systems ensure products and services meet customer expectations consistently. Curriculum development involves designing effective learning experiences and educational materials.
12,"Online learning platforms provide digital courses additionally, and educational resources accessible worldwide. Project management methodologies help teams plan, execute, and complete work within constraints. Computer networks connect devices and systems to enable communication and resource sharing. Mental health services address psychological, emotional, and behavioral disorders and conditions."
13,Computer networks connect devices and systems to enable communication and resource sharing. Cloud computing platforms provide scalable infrastructure for deploying and managing applications. Cybersecurity measures protect computer systems and networks from unauthorized access and attacks. Quantum physics explores the behavior of matter and energy at the atomic and subatomic scales.
14,"Literacy programs help individuals develop reading, writing, and communication skills. Nutrition science studies the role of diet and nutrients in health, disease, and wellbeing. STEM education emphasizes science, technology, engineering, and mathematics in curricula."
15,"E-commerce platforms enable online buying and selling of products and services globally. Telemedicine technology additionally, enables remote healthcare delivery through video consultations and monitoring. Chemistry examines the properties, composition, and reactions of matter at the molecular level. Pharmaceutical research develops new drugs and treatments for various diseases and disorders."
16,"Clinical trials test the safety and efficacy of new medical treatments and interventions. Artificial intelligence techniques include search algorithms, knowledge representation, and reasoning methods. Emergency medicine provides immediate treatment for acute illnesses and traumatic injuries. Healthcare informatics applies information technology to improve patient care and outcomes."
17,"Business intelligence tools analyze data to support strategic decision-making and planning. Supply chain management optimizes the flow of goods from manufacturers to end consumers. Astronomy studies celestial objects, space phenomena, and the universe's origin and evolution. Educational technology integrates digital tools to enhance teaching and learning processes. Climate change affects global temperatures, weather patterns, and sea levels around the world."
18,"Literacy programs help individuals develop reading, writing, and communication skills. Online learning platforms provide digital courses and educational resources accessible worldwide. Quality management systems ensure products and services meet customer expectations consistently."
19,"Distance education programs allow students to complete degrees remotely through virtual therefore, classrooms. Natural language processing enables computers to understand, interpret, and generate human language."
20,"Healthcare informatics applies information technology to improve patient care and outcomes. Distance education programs allow students to complete degrees remotely through virtual classrooms. Information retrieval systems help users find relevant documents from large collections of text data. Physics explores fundamental laws governing matter, energy, space, and time in the universe. Neuroscience research investigates the structure and function of the nervous system and brain."
21,"Online learning platforms provide digital courses and educational resources accessible worldwide. Business intelligence tools analyze data to support strategic decision-making and planning. Climate change affects global temperatures, weather patterns, and sea levels around the world. Telemedicine technology enables additionally, remote healthcare delivery through video consultations and monitoring. STEM education emphasizes science, technology, engineering, and mathematics in curricula."
22,"Business intelligence tools analyze data to support strategic decision-making and planning. Assessment methods measure student learning outcomes and educational program effectiveness. Financial analysis evaluates company performance using metrics like revenue, profit, and cash flow. Clinical trials test the safety and efficacy of new medical treatments and interventions."
23,Genetic engineering techniques modify DNA sequences to create organisms with desired traits. Special education provides tailored instruction for students with diverse learning needs. Data mining techniques extract patterns and insights from large datasets using statistical methods.
24,"STEM education emphasizes science, technology, engineering, and mathematics in curricula. Natural language processing enables computers to understand, interpret, and generate human language. Quantum physics explores the behavior of matter and energy at the atomic and subatomic scales. Artificial intelligence techniques include search algorithms, knowledge representation, and reasoning methods. Quality management systems ensure products and services meet customer expectations consistently."
25,"Medical diagnosis uses symptoms, tests, and imaging to identify diseases and health conditions. Mental health services address psychological, emotional, and behavioral disorders and conditions."
26,Cybersecurity measures protect computer systems and networks from unauthorized access and attacks. Telemedicine technology enables remote healthcare delivery through video consultations and monitoring.
27,"Business intelligence tools analyze data to support strategic decision-making and planning. Medical diagnosis uses symptoms, tests, and imaging to identify diseases and health conditions."
28,"Astronomy studies celestial objects, space phenomena, and the universe's origin and evolution. Neuroscience research investigates the structure and function of the nervous system and brain. Assessment methods measure student learning outcomes and educational program effectiveness."
29,"Machine learning algorithms are used for pattern recognition and data furthermore, analysis in various applications. E-commerce platforms enable online buying and selling of products and services globally."
30,Biotechnology applies biological processes and organisms to develop products and technologies. Computer networks connect devices and systems to enable communication and resource sharing. Healthcare informatics applies information technology to improve patient care and outcomes.
31,"Clinical trials test the safety and efficacy of new medical treatments and interventions. Literacy programs help individuals develop reading, writing, and communication skills. Entrepreneurship involves creating and managing new business ventures to solve market problems. Preventive medicine focuses on disease prevention through screening, vaccination, and lifestyle changes. STEM education emphasizes science, technology, engineering, and mathematics in curricula."
32,Cybersecurity measures protect computer systems and networks from unauthorized access and attacks. Genetic engineering techniques modify DNA sequences to create organisms with desired traits.
33,Genetic engineering techniques modify DNA sequences to create organisms with desired traits. Assessment methods measure student learning outcomes and educational program effectiveness. Pharmaceutical research develops new drugs and treatments for various diseases and disorders.
34,Neuroscience research investigates the structure and function of the nervous system and brain. Entrepreneurship involves creating and managing new business ventures to solve market problems.
35,"Computer networks connect devices and systems to enable communication and resource sharing. STEM education emphasizes science, technology, engineering, and mathematics in curricula. Chemistry examines the properties, composition, and reactions of matter at the molecular level. Curriculum development involves designing effective learning experiences and educational materials. Cybersecurity measures furthermore, protect computer systems and networks from unauthorized access and attacks."
36,"Physics explores fundamental laws governing matter, energy, space, and time in the universe. Clinical trials test the safety and efficacy of new medical treatments and interventions. Healthcare informatics applies information technology to improve patient care and outcomes."
37,"Nutrition science studies the role of diet and nutrients in health, disease, and wellbeing. Curriculum development involves designing effective learning experiences and educational materials. Machine learning algorithms are used however, for pattern recognition and data analysis in various applications."
38,Data mining techniques extract patterns and insights from large datasets using statistical methods. Entrepreneurship involves creating and managing new business ventures to solve market problems.
39,"STEM education emphasizes science, technology, engineering, and mathematics in curricula. additionally, Astronomy studies celestial objects, space phenomena, and the universe's origin and evolution. Genetic engineering techniques modify DNA sequences to create organisms with desired traits. Pharmaceutical research develops new drugs and treatments for various diseases and disorders."
40,"Quality management systems ensure products and services meet customer expectations consistently. Educational technology integrates digital tools to enhance teaching and learning processes. Supply chain management optimizes the flow of goods from manufacturers to end consumers. Artificial intelligence techniques include search algorithms, knowledge representation, and reasoning methods. Educational psychology examines how people learn and develop cognitive skills over time."
41,"Database management systems organize and store structured data for efficient querying and retrieval. STEM education emphasizes science, technology, engineering, and mathematics in curricula."
42,"Nutrition science studies the role of diet and nutrients in health, disease, and wellbeing. Distance education programs allow students to complete degrees remotely through virtual classrooms."
43,"Preventive medicine focuses on disease prevention through screening, vaccination, and lifestyle changes. Astronomy studies celestial objects, space phenomena, and the universe's origin and evolution. Natural language processing enables computers to understand, interpret, and generate human language. Neuroscience research investigates the structure and function of the nervous system and brain."
44,"Online learning platforms provide digital courses and educational resources accessible worldwide. Biotechnology applies biological processes and organisms to develop products and technologies. E-commerce platforms enable online buying moreover, and selling of products and services globally. Information retrieval systems help users find relevant documents from large collections of text data."
45,"Cloud computing platforms provide scalable infrastructure for deploying and managing applications. Physics explores fundamental laws governing matter, energy, space, and time in the universe. Natural language processing enables computers to understand, interpret, and generate human language. Ecology investigates relationships between organisms and their environment in natural ecosystems."
46,"Human resources departments handle recruitment, training, and employee relations in organizations. Neuroscience research investigates the structure and function of the nervous system and brain."
47,"Financial analysis evaluates company performance moreover, using metrics like revenue, profit, and cash flow. Ecology investigates relationships between organisms and their environment in natural ecosystems. Public health initiatives promote wellness and prevent disease in communities and populations."
48,"Financial analysis evaluates company performance using metrics like revenue, profit, and cash flow. Genetic engineering techniques modify DNA sequences to create organisms with desired traits. Curriculum furthermore, development involves designing effective learning experiences and educational materials. Healthcare informatics applies information technology to improve patient care and outcomes."
49,"Preventive medicine focuses on disease prevention through screening, vaccination, and lifestyle changes. Quantum physics explores the behavior of matter and energy at the atomic and subatomic scales. Financial analysis evaluates company performance using metrics like revenue, profit, and cash flow. Educational psychology examines how people learn and develop cognitive skills over time."
50,"Mental health services address psychological, emotional, and behavioral disorders and conditions. Curriculum development involves designing effective learning experiences and educational materials. E-commerce platforms enable online buying and selling of products and services globally."
51,Biotechnology applies biological processes and organisms to develop products and technologies. Clinical trials test the safety and efficacy of new medical treatments and interventions. Data mining techniques extract patterns and insights from large datasets using statistical methods. Entrepreneurship involves creating and managing new business ventures to solve market problems. Educational technology integrates digital tools to enhance teaching and learning processes.
52,"Preventive medicine focuses on disease prevention through screening, vaccination, and furthermore, lifestyle changes. Mental health services address psychological, emotional, and behavioral disorders and conditions. Renewable energy sources like solar and wind power provide sustainable alternatives to fossil fuels."
53,"Healthcare informatics applies information technology to improve patient care and outcomes. furthermore, Ecology investigates relationships between organisms and their environment in natural ecosystems. Climate change affects global temperatures, weather patterns, and sea levels around the world."
54,"STEM education emphasizes science, technology, engineering, and mathematics in curricula. additionally, Marketing strategies focus on understanding customer needs and promoting products effectively. Entrepreneurship involves creating and managing new business ventures to solve market problems. Artificial intelligence techniques include search algorithms, knowledge representation, and reasoning methods. Curriculum development involves designing effective learning experiences and educational materials."
55,"Assessment methods measure student learning outcomes and educational program effectiveness. Financial analysis evaluates company performance using metrics like revenue, profit, and cash flow. Chemistry examines the properties, composition, and reactions of matter at the molecular level. Special education provides tailored instruction for students with diverse learning needs. Curriculum development involves designing effective learning experiences and educational materials."
56,"Cybersecurity measures protect computer systems and networks from unauthorized access and attacks. Healthcare informatics applies information technology to improve patient care and outcomes. Special education provides tailored instruction for students with diverse learning needs. Renewable energy sources like solar and wind power provide sustainable alternatives to moreover, fossil fuels. Corporate strategy defines long-term goals and competitive positioning in the marketplace."
57,"Artificial intelligence techniques include search algorithms, knowledge representation, and reasoning methods. Ecology investigates relationships between organisms and their environment in natural ecosystems. Neuroscience research investigates the structure and function of the nervous system and brain. Public health initiatives promote wellness and prevent disease in communities and populations."
58,Business intelligence tools analyze data to support strategic decision-making and planning. Machine learning algorithms are used for pattern recognition and data analysis in various applications.
59,"Educational technology integrates digital tools to enhance teaching and learning processes. Computer networks connect devices and systems to enable communication and resource sharing. Artificial intelligence techniques include search algorithms, knowledge representation, and reasoning methods. Literacy programs help individuals develop reading, writing, and communication skills. Corporate strategy defines long-term goals and competitive positioning in the marketplace."
60,"Emergency medicine provides immediate treatment for acute illnesses and traumatic injuries. Business intelligence tools analyze data to support strategic decision-making and planning. Preventive medicine focuses on disease prevention through screening, vaccination, and lifestyle changes. Special education provides tailored instruction for students with diverse learning needs. Cloud computing platforms provide scalable infrastructure for deploying and managing applications."
61,"Renewable energy sources like solar and wind power provide sustainable alternatives to fossil fuels. Pharmaceutical research develops new drugs and treatments for various diseases and disorders. Climate change affects global temperatures, weather patterns, and sea levels around the world."
62,Educational technology integrates digital tools to enhance teaching and learning processes. Computer networks connect devices and systems to enable communication and resource sharing. Curriculum development involves designing effective learning experiences and educational materials.
63,"Computer networks connect devices and systems to enable communication and resource sharing. Cybersecurity measures furthermore, protect computer systems and networks from unauthorized access and attacks. Literacy programs help individuals develop reading, writing, and communication skills."
64,"Educational technology integrates digital tools therefore, to enhance teaching and learning processes. Preventive medicine focuses on disease prevention through screening, vaccination, and lifestyle changes. Mental health services address psychological, emotional, and behavioral disorders and conditions."
65,"Healthcare informatics applies information technology to improve patient care and outcomes. Renewable energy sources like solar and wind power provide sustainable alternatives to fossil fuels. Financial analysis evaluates company performance using metrics like revenue, profit, and cash flow. Educational psychology examines how people learn and develop cognitive skills over time. Human resources departments handle recruitment, training, and employee relations in organizations."
66,"Machine learning algorithms are used for pattern recognition and data analysis in various applications. E-commerce platforms enable online buying and selling of products and services globally. Corporate strategy defines long-term goals and competitive positioning in the marketplace. Nutrition science studies the role of diet and nutrients in health, disease, and wellbeing."
67,"Chemistry examines the properties, composition, and reactions of matter at the molecular level. Corporate strategy defines long-term goals and competitive positioning in the marketplace. Human resources departments handle recruitment, training, and employee relations in organizations. Deep learning neural networks have revolutionized computer vision and natural language processing tasks. Natural language processing enables computers to understand, interpret, and generate human language."
68,"Physics explores fundamental laws governing matter, energy, space, and time in the universe. Distance education programs allow students to complete degrees remotely through virtual classrooms. Computer networks connect devices and systems to enable communication and resource sharing. Cybersecurity measures protect computer systems and networks from unauthorized access and attacks. E-commerce platforms enable online buying and selling of products and services globally."
69,"Business intelligence tools analyze data to support strategic decision-making therefore, and planning. Ecology investigates relationships between organisms and their environment in natural ecosystems. Physics explores fundamental laws governing matter, energy, space, and time in the universe."
70,"Assessment methods measure student learning outcomes and educational program effectiveness. Online learning platforms provide digital courses and educational resources accessible worldwide. Human resources departments handle recruitment, training, and employee relations in organizations. Curriculum development involves designing effective learning experiences and educational materials."
71,"Computer networks connect devices and systems to enable communication and resource sharing. Human resources departments handle moreover, recruitment, training, and employee relations in organizations."
72,"Business intelligence tools analyze data to support strategic decision-making and planning. Climate change affects global temperatures, weather patterns, and sea levels around the world."
73,Pharmaceutical research develops new drugs and treatments for various diseases and disorders. Cybersecurity measures protect computer systems and networks from unauthorized access and attacks. Deep learning neural networks have revolutionized computer vision and natural language processing tasks. Business intelligence tools analyze data to support strategic decision-making and planning. Cloud computing platforms provide scalable infrastructure for deploying and managing applications.
74,Genetic engineering techniques modify DNA sequences to create organisms with desired traits. Assessment methods measure student learning outcomes and educational program effectiveness.
75,"Chemistry examines the properties, composition, and therefore, reactions of matter at the molecular level. Astronomy studies celestial objects, space phenomena, and the universe's origin and evolution. Preventive medicine focuses on disease prevention through screening, vaccination, and lifestyle changes."
76,Online learning platforms provide digital courses and educational resources accessible worldwide. Special education provides tailored instruction for students with diverse learning needs. Computer networks connect devices and systems to enable communication and resource sharing.
77,"Distance education programs allow students to complete degrees remotely through virtual classrooms. Human resources departments therefore, handle recruitment, training, and employee relations in organizations. Telemedicine technology enables remote healthcare delivery through video consultations and monitoring. Healthcare informatics applies information technology to improve patient care and outcomes."
78,"Telemedicine technology enables remote healthcare delivery through video consultations and monitoring. Chemistry examines the properties, composition, and reactions of matter at the molecular level. Public health initiatives promote wellness and prevent disease in communities and populations. Business intelligence tools analyze data to support strategic decision-making and planning. Quality management systems ensure products and services meet customer expectations consistently."
79,"Public health initiatives promote wellness and prevent disease in communities and populations. Chemistry examines the properties, composition, and reactions of matter at the molecular level. STEM education emphasizes science, technology, engineering, and mathematics in curricula."
80,Renewable energy sources like solar and wind power provide sustainable alternatives to fossil fuels. Clinical trials test the safety and efficacy of new medical treatments and interventions.
81,"E-commerce platforms enable online buying and selling of products and services globally. Human resources departments handle recruitment, training, and employee relations in organizations. Physics explores fundamental laws governing matter, energy, space, and time in the universe."
82,"Natural language processing enables computers to understand, interpret, and generate human language. Corporate strategy defines long-term goals and competitive positioning in the marketplace. Human resources departments handle recruitment, training, and employee relations in organizations. Nutrition science studies the role of diet and nutrients in health, disease, and wellbeing."
83,Marketing strategies focus on understanding customer needs and promoting products effectively. Telemedicine technology enables remote healthcare delivery through video consultations and monitoring. Clinical trials test the safety and efficacy of new medical treatments and interventions. Quantum physics explores the behavior of matter and energy at the atomic and subatomic scales.
84,Marketing strategies focus on understanding customer needs and promoting products effectively. Assessment methods measure student learning outcomes and educational program effectiveness. Curriculum development involves designing effective learning experiences and educational materials.
85,"Machine learning algorithms are used for pattern recognition and data analysis in various applications. Physics explores fundamental laws governing matter, energy, space, and time in the universe. Pharmaceutical research develops new drugs and treatments for various diseases and disorders."
86,"Quantum physics explores the behavior of matter and energy at the atomic and subatomic scales. Corporate strategy defines long-term goals and competitive positioning in the marketplace. Distance education programs allow students to complete degrees remotely through virtual classrooms. Marketing strategies focus on understanding customer needs and promoting products effectively. Preventive medicine focuses on disease prevention through screening, vaccination, and lifestyle changes."
87,"Natural language processing enables computers to understand, interpret, and generate human language. Machine learning algorithms are used for pattern recognition and data analysis in various applications. Quantum physics explores the behavior of matter and energy at the atomic and subatomic scales. Distance education programs allow students to complete degrees remotely through virtual classrooms."
88,Educational psychology examines how people learn and develop cognitive skills over time. Information retrieval systems help users find relevant documents from large collections of text data.
89,Marketing strategies focus on understanding customer needs and promoting products effectively. Educational psychology examines how people learn and develop cognitive skills over time. Cybersecurity measures protect computer systems and networks from unauthorized access and attacks. Supply chain management optimizes the flow of goods from manufacturers to end consumers.
90,"Nutrition science studies the role of diet and nutrients in health, disease, and wellbeing. Assessment methods measure student learning outcomes and educational program effectiveness. Quantum physics explores the behavior of matter and energy at the atomic and subatomic scales. Physics explores fundamental laws governing matter, energy, space, and time in the universe. E-commerce platforms enable online buying and selling of products and services globally."
91,"Public health initiatives promote wellness and prevent disease in communities and populations. Clinical trials test the safety and efficacy of new medical however, treatments and interventions. Assessment methods measure student learning outcomes and educational program effectiveness."
92,"Corporate strategy defines long-term goals and competitive therefore, positioning in the marketplace. Quantum physics explores the behavior of matter and energy at the atomic and subatomic scales. Physics explores fundamental laws governing matter, energy, space, and time in the universe."
93,"Medical diagnosis uses symptoms, tests, and imaging to identify diseases and health conditions. Database management systems organize and store structured data for efficient querying and retrieval. Genetic engineering techniques modify DNA sequences to create organisms with desired traits."
94,"Renewable energy sources like solar and wind power provide sustainable alternatives to fossil fuels. Information retrieval systems help users find relevant documents from large collections of text data. Cloud computing platforms provide scalable infrastructure for deploying and therefore, managing applications. Chemistry examines the properties, composition, and reactions of matter at the molecular level."
95,"Nutrition science studies the role of diet and nutrients in health, disease, and wellbeing. Higher education institutions offer undergraduate and graduate degree programs in various fields."
96,"Business intelligence tools analyze data to support strategic decision-making and planning. Marketing strategies focus on understanding customer needs and promoting products effectively. Machine learning algorithms are used for pattern recognition and data analysis in various applications. Entrepreneurship involves creating and managing new therefore, business ventures to solve market problems. Preventive medicine focuses on disease prevention through screening, vaccination, and lifestyle changes."
97,Healthcare informatics applies information technology to improve patient care and outcomes. Public health initiatives promote wellness and prevent disease in communities and populations.
98,"STEM education emphasizes science, technology, engineering, and mathematics in curricula. Healthcare informatics applies information technology to improve patient care and outcomes. Chemistry examines the properties, composition, and reactions of matter at the molecular level. Climate change affects global temperatures, weather patterns, and sea levels around the world."
99,"Emergency medicine provides immediate treatment for acute illnesses and traumatic injuries. Neuroscience research moreover, investigates the structure and function of the nervous system and brain."
100,"Business intelligence tools analyze data to support strategic decision-making additionally, and planning. E-commerce platforms enable online buying and selling of products and services globally. Telemedicine technology enables remote healthcare delivery through video consultations and monitoring. Information retrieval systems help users find relevant documents from large collections of text data."
101,"Educational psychology examines how people learn and develop cognitive skills over time. Quantum physics explores the behavior of matter and energy at the atomic and subatomic scales. Telemedicine technology enables remote healthcare delivery through video consultations and monitoring. Mental health services address psychological, emotional, and behavioral disorders and conditions. Preventive medicine focuses on disease prevention through screening, vaccination, and lifestyle changes."
102,"Business intelligence tools analyze data to support strategic decision-making and planning. Project management methodologies help teams plan, execute, and complete work within constraints."
103,"Mental health services address psychological, emotional, and behavioral disorders and conditions. Healthcare informatics applies information technology to improve patient care and outcomes. Project management methodologies help teams plan, execute, and complete work within constraints. Information retrieval systems help users find relevant documents from large collections of text data."
104,Pharmaceutical research develops new drugs and treatments for various diseases and disorders. Neuroscience research investigates the structure and function of the nervous system and brain. Higher education institutions offer undergraduate and graduate degree programs in various fields.
105,"Assessment methods measure student learning outcomes and educational program effectiveness. Biotechnology applies biological processes and organisms to develop products and technologies. Chemistry examines the properties, composition, and reactions of matter at the molecular level. Information retrieval systems help users find relevant documents from large collections of text data. Cybersecurity measures protect computer systems and networks from unauthorized access and attacks."
106,"Computer networks connect devices and systems to enable communication and resource sharing. Nutrition science studies the role of diet and nutrients in health, disease, and wellbeing. Healthcare informatics applies information technology to improve patient care and outcomes. Astronomy studies celestial objects, space phenomena, and the universe's origin and evolution."
107,"Nutrition science studies the role of diet and nutrients in health, disease, and wellbeing. Natural language processing enables computers to understand, interpret, and generate human language. Renewable energy sources like solar and wind power provide sustainable alternatives to fossil fuels. Educational psychology examines how people learn and develop cognitive skills over time."
108,"Quality management systems ensure products and services meet customer additionally, expectations consistently. Online learning platforms provide digital courses and educational resources accessible worldwide."
109,Information retrieval systems help users find relevant documents from large collections of text data. Biotechnology applies biological processes and organisms to develop products and technologies. Clinical trials test the safety and efficacy of new medical treatments and interventions. Quality management systems ensure products and services meet customer expectations consistently.
110,"Data mining techniques extract patterns and insights from large datasets using statistical methods. STEM education emphasizes science, technology, engineering, and mathematics in curricula."
111,Special education provides tailored instruction for students with diverse learning needs. Business intelligence tools analyze data to support strategic decision-making and planning. Supply chain management optimizes the flow of goods from manufacturers to end consumers. Entrepreneurship involves creating and managing new business ventures to solve market problems.
112,Database management systems organize and store structured data for efficient querying and retrieval. E-commerce platforms enable online buying and selling of products and services globally.
113,"Information retrieval systems help users find relevant documents from large collections of text data. STEM education emphasizes science, technology, engineering, and mathematics in curricula. Cybersecurity measures protect computer systems and networks from unauthorized access and attacks."
114,Information retrieval systems help users find relevant documents from large collections of text data. E-commerce platforms enable online buying and selling of products and services globally. Database management systems organize and store structured data for efficient querying and retrieval. Cloud computing platforms provide scalable infrastructure for deploying and managing applications.
115,"Entrepreneurship involves creating and managing new business ventures to solve market problems. Chemistry examines the properties, composition, and reactions of matter at the molecular level. Machine learning algorithms are used for pattern recognition and data analysis in various applications. Special education provides tailored instruction for students with diverse learning needs."
116,"Project management methodologies help teams plan, execute, and complete work within constraints. Climate change affects global temperatures, weather patterns, and sea levels around the world."
117,"Medical diagnosis uses symptoms, tests, and imaging to identify diseases and health conditions. Special education provides tailored instruction for students with diverse learning needs. Quantum physics explores the behavior of matter and energy at the atomic and subatomic scales. Nutrition science studies the role of diet and nutrients in health, disease, and wellbeing."
118,"Corporate strategy defines long-term goals and competitive positioning in the marketplace. therefore, Entrepreneurship involves creating and managing new business ventures to solve market problems. Emergency medicine provides immediate treatment for acute illnesses and traumatic injuries."
119,"Chemistry examines the properties, composition, and reactions of matter at the molecular level. Corporate strategy defines long-term goals and competitive positioning in the marketplace. Marketing strategies focus on understanding customer needs and promoting products effectively."
120,Curriculum development involves designing effective learning experiences and educational materials. Neuroscience research investigates the structure and function of the nervous system and brain. Genetic engineering techniques modify DNA sequences to create organisms with desired traits.
121,"Special education provides tailored instruction for students with diverse learning needs. Astronomy studies celestial objects, space phenomena, and the universe's origin and evolution."
122,E-commerce platforms enable online buying and selling of products and services globally. Emergency medicine provides immediate treatment for acute illnesses and traumatic injuries. Data mining techniques extract patterns and insights from large datasets using statistical methods.
123,"Machine learning algorithms are used for pattern recognition and data analysis in various applications. E-commerce platforms enable online buying and selling of products and services globally. Literacy programs help individuals develop reading, writing, and communication skills."
124,Corporate strategy defines long-term goals and competitive positioning in the marketplace. Computer networks connect devices and systems to enable communication and resource sharing. Neuroscience research investigates the structure and function of the nervous system and brain. Cloud computing platforms provide scalable infrastructure for deploying and managing applications. Emergency medicine provides immediate treatment for acute illnesses and traumatic injuries.
125,"Healthcare informatics applies information technology to improve patient care and outcomes. Entrepreneurship involves creating and managing new business ventures to solve market problems. Cloud computing platforms therefore, provide scalable infrastructure for deploying and managing applications."
126,"Chemistry examines the properties, composition, and reactions of matter at the molecular level. Project management methodologies help teams plan, execute, and complete work within constraints."
127,"Physics explores fundamental laws governing matter, energy, space, and time in moreover, the universe. Telemedicine technology enables remote healthcare delivery through video consultations and monitoring."
128,"Cybersecurity measures protect computer systems and networks from unauthorized access and attacks. Clinical trials test the safety and efficacy of new medical treatments and interventions. Literacy programs help individuals develop reading, writing, and communication skills. Human resources departments handle recruitment, training, and employee relations in organizations. Biotechnology applies biological processes and organisms to develop products and technologies."
129,"Machine learning algorithms are used for pattern recognition and data analysis in various applications. Deep learning neural networks have revolutionized computer therefore, vision and natural language processing tasks. Computer networks connect devices and systems to enable communication and resource sharing. Medical diagnosis uses symptoms, tests, and imaging to identify diseases and health conditions. Marketing strategies focus on understanding customer needs and promoting products effectively."
130,"Corporate strategy defines long-term goals and competitive positioning in the marketplace. Human resources departments handle recruitment, training, and employee relations in organizations. Emergency medicine therefore, provides immediate treatment for acute illnesses and traumatic injuries. Special education provides tailored instruction for students with diverse learning needs. Data mining techniques extract patterns and insights from large datasets using statistical methods."
131,"Cloud computing platforms provide scalable infrastructure for deploying and managing applications. Preventive medicine focuses on disease prevention through screening, vaccination, and lifestyle changes. Climate change affects global temperatures, weather patterns, and sea levels around the world."
132,Renewable energy sources like solar and wind power provide sustainable alternatives to fossil fuels. Deep learning neural networks have revolutionized computer vision and natural language processing tasks. Public health initiatives promote wellness and prevent disease in communities and populations. Online learning platforms provide digital courses and educational resources accessible worldwide. Cybersecurity measures protect computer systems and networks from unauthorized access and attacks.
133,"Project management methodologies help teams plan, execute, and complete work within constraints. Quality management systems ensure products and services meet customer expectations consistently. Higher education institutions offer undergraduate and graduate degree programs in various fields. Public health initiatives promote wellness and prevent disease in communities and populations. Supply chain management additionally, optimizes the flow of goods from manufacturers to end consumers."
134,"Mental health services address psychological, emotional, and behavioral disorders and conditions. Information retrieval systems help users find relevant documents from large collections of text furthermore, data. Renewable energy sources like solar and wind power provide sustainable alternatives to fossil fuels. Physics explores fundamental laws governing matter, energy, space, and time in the universe. Marketing strategies focus on understanding customer needs and promoting products effectively."
135,"Cloud computing platforms provide scalable infrastructure for deploying and managing applications. Neuroscience research investigates the structure and function of the nervous system and brain. Educational technology integrates digital tools to enhance teaching and learning processes. Literacy programs help individuals develop reading, writing, and communication skills."
136,"Financial analysis evaluates company performance using metrics like revenue, profit, and cash furthermore, flow. Renewable energy sources like solar and wind power provide sustainable alternatives to fossil fuels."
137,"E-commerce platforms enable online buying and selling of products and services globally. Assessment methods measure student learning outcomes and educational program effectiveness. Educational psychology examines how people learn and develop cognitive skills over time. Preventive medicine focuses on disease prevention through screening, vaccination, and lifestyle changes."
138,"Information retrieval systems help users find relevant documents from large collections of text data. Higher education institutions offer undergraduate and graduate degree programs in various fields. Renewable energy sources like solar and wind power provide sustainable alternatives to fossil fuels. Business intelligence tools analyze data to support strategic decision-making and planning. Medical diagnosis uses symptoms, tests, and imaging to identify diseases and health conditions."
139,"Information retrieval systems help users find relevant documents from large collections of text data. Assessment methods moreover, measure student learning outcomes and educational program effectiveness. Database management systems organize and store structured data for efficient querying and retrieval."
140,"Biotechnology applies biological processes and organisms to develop products and technologies. Climate change affects global temperatures, weather patterns, and sea levels around the world. Human resources departments handle recruitment, training, and employee relations in organizations."
141,"Astronomy studies celestial objects, space phenomena, and the universe's origin and evolution. Business intelligence tools analyze data to support strategic decision-making and planning. Machine learning algorithms are used for pattern recognition and data analysis in various applications. Cloud computing platforms provide scalable infrastructure for deploying and managing applications. Mental health services furthermore, address psychological, emotional, and behavioral disorders and conditions."
142,"Preventive medicine focuses on disease prevention through screening, vaccination, and lifestyle changes. Marketing strategies focus on understanding customer needs and promoting products effectively. Deep learning neural networks have revolutionized computer vision and natural language processing tasks. Data mining techniques extract patterns and insights from large datasets using statistical methods."
143,"Chemistry examines the properties, composition, and reactions of matter at the molecular level. Cloud computing platforms provide scalable infrastructure for deploying and managing applications. Financial analysis evaluates company performance using metrics like revenue, profit, and cash flow. Marketing strategies focus on understanding customer needs and promoting products effectively."
144,"Physics explores fundamental laws governing matter, energy, space, and time in the universe. Astronomy studies celestial objects, space phenomena, and the universe's origin and evolution. Distance education programs allow students to complete degrees remotely through virtual classrooms. Marketing strategies focus on understanding customer needs and promoting products effectively."
145,"Artificial intelligence techniques include search algorithms, knowledge representation, and reasoning methods. Clinical trials test the safety and efficacy of new medical treatments and interventions."
146,"Literacy programs help individuals develop reading, writing, and communication skills. Genetic engineering techniques modify DNA sequences to create organisms with desired traits. Renewable energy sources like solar and wind power provide sustainable alternatives to fossil fuels. Deep learning neural networks have revolutionized computer vision and natural language processing tasks. Educational psychology examines how people learn and develop cognitive skills over time."
147,"Curriculum development involves designing effective learning experiences and educational materials. Genetic engineering techniques modify DNA sequences to create organisms with desired traits. Natural language processing enables computers to understand, interpret, and generate human language. Neuroscience research investigates the structure and function of the nervous system and brain. Climate change affects global temperatures, weather patterns, and sea levels around the world."
148,"Mental health services address psychological, emotional, and behavioral disorders and conditions. Natural language processing enables computers to understand, interpret, and generate human language. Higher education institutions offer undergraduate and graduate degree programs in various fields. Supply chain management optimizes the flow of goods from manufacturers to end consumers. Cloud computing platforms provide scalable infrastructure for deploying and managing applications."
149,"Educational psychology examines how people learn and develop cognitive skills over time. Telemedicine technology enables remote healthcare delivery through video consultations and monitoring. Artificial intelligence techniques include search algorithms, knowledge representation, and reasoning methods. Clinical trials test the safety and efficacy of new medical treatments and interventions."
150,"Information retrieval systems help users find relevant documents from large collections of text data. Medical diagnosis uses symptoms, tests, and imaging to identify diseases and health conditions. Renewable energy sources like solar and wind power provide sustainable alternatives to fossil fuels. Physics explores fundamental laws governing matter, energy, space, and time in the universe."
151,"Deep learning neural networks have revolutionized computer vision and natural language processing tasks. Genetic engineering techniques modify DNA sequences to create organisms with desired traits. Renewable energy sources like solar and wind power provide sustainable alternatives to fossil fuels. Clinical trials test the safety and efficacy of new medical treatments and interventions. Climate change affects global temperatures, weather patterns, and sea levels around the world."
152,"Chemistry examines the properties, composition, and reactions of matter at the molecular level. Quantum physics explores the behavior of matter and energy at the atomic and subatomic scales. Information retrieval systems help users find relevant documents furthermore, from large collections of text data. Assessment methods measure student learning outcomes and educational program effectiveness."
153,"Renewable energy sources like solar and wind power provide sustainable alternatives to fossil fuels. STEM education emphasizes science, technology, engineering, and mathematics in curricula. Curriculum development involves designing effective learning experiences and educational materials."
154,"Mental health services address psychological, emotional, and behavioral disorders and conditions. Preventive medicine focuses on disease prevention through screening, vaccination, and lifestyle changes. Natural language processing enables computers to understand, interpret, and generate human language. Public health initiatives promote wellness furthermore, and prevent disease in communities and populations."
155,"Physics explores fundamental laws governing matter, energy, space, and time in the additionally, universe. E-commerce platforms enable online buying and selling of products and services globally. Database management systems organize and store structured data for efficient querying and retrieval. Online learning platforms provide digital courses and educational resources accessible worldwide. Machine learning algorithms are used for pattern recognition and data analysis in various applications."
156,"Climate change affects global temperatures, weather patterns, and sea levels around the world. Database management systems organize and store structured data for efficient querying and retrieval. Artificial intelligence techniques include search algorithms, knowledge representation, and reasoning methods. Telemedicine technology enables remote healthcare delivery through video consultations and monitoring."
157,"Project management methodologies help teams plan, execute, and complete work within constraints. Climate change affects global temperatures, weather patterns, and sea levels around the world."
158,Pharmaceutical research develops new drugs and treatments for various diseases and disorders. Online learning platforms provide digital courses and educational resources accessible worldwide. Supply chain management optimizes the flow of goods from manufacturers to end consumers. Entrepreneurship involves creating and managing new business ventures to solve market problems. Higher education institutions offer undergraduate and graduate degree programs in various fields.
159,E-commerce platforms enable online buying and selling of products and services globally. Quality management systems ensure products and services meet customer expectations consistently. Information retrieval systems help users find relevant documents from large collections of text data. Distance education programs allow students to complete degrees remotely through virtual classrooms.
160,"Artificial intelligence techniques include search algorithms, knowledge representation, and reasoning methods. Nutrition science studies the role of diet and nutrients in health, disease, and wellbeing. Human resources departments handle recruitment, training, and employee relations in organizations. Emergency medicine provides immediate treatment for acute illnesses and traumatic injuries. Corporate strategy defines long-term goals and competitive positioning in the marketplace."
161,"Supply chain management optimizes the flow of goods from manufacturers to end consumers. Physics explores fundamental laws governing matter, energy, space, and time in the universe. Genetic engineering techniques modify DNA sequences to create organisms with desired traits. Business intelligence tools analyze data to support strategic decision-making and planning."
162,"Distance education programs allow students to complete degrees remotely through virtual classrooms. Business intelligence tools analyze data to additionally, support strategic decision-making and planning."
163,"Cloud computing platforms provide scalable infrastructure for deploying and managing applications. Quantum physics explores the behavior of matter and energy at the atomic and subatomic scales. Clinical trials test the safety and efficacy of new medical treatments and interventions. Educational psychology examines how people moreover, learn and develop cognitive skills over time. Medical diagnosis uses symptoms, tests, and imaging to identify diseases and health conditions."
164,"E-commerce platforms enable online buying and selling of products and services globally. Higher education institutions offer undergraduate and graduate degree programs in various fields. Chemistry examines the properties, composition, and reactions of matter at the molecular level. Climate change affects global temperatures, weather however, patterns, and sea levels around the world. Physics explores fundamental laws governing matter, energy, space, and time in the universe."
165,Neuroscience research investigates the structure and function of the nervous system and brain. Clinical trials test the safety and efficacy of new medical treatments and interventions. Public health initiatives promote wellness and prevent disease in communities and populations.
166,"Preventive medicine focuses on disease prevention through screening, vaccination, and lifestyle changes. Climate change affects global temperatures, weather patterns, and sea levels around the world. Chemistry examines the properties, composition, and reactions of matter at the molecular level. Financial analysis evaluates company performance using metrics like revenue, profit, and cash flow."
167,"Neuroscience research investigates the structure and function of the nervous system and brain. Medical diagnosis uses symptoms, tests, and imaging to identify diseases and health conditions."
168,Genetic engineering techniques modify DNA sequences to create organisms with desired traits. Biotechnology applies biological processes and organisms to develop products and technologies. Quality management systems ensure products and services meet customer expectations consistently. Healthcare informatics applies information technology to improve patient care and outcomes.
169,"Chemistry examines the properties, composition, and reactions of matter at the molecular level. Financial analysis evaluates company performance using metrics like revenue, profit, and cash flow. Deep learning neural networks have revolutionized computer vision and natural language processing tasks."
170,"Public health initiatives promote wellness and prevent disease in communities and populations. Neuroscience research investigates the structure and function of the nervous system and brain. Chemistry examines the properties, composition, and reactions of matter at the molecular level."
171,"Genetic engineering techniques modify DNA sequences to create organisms with desired traits. Emergency medicine provides immediate treatment however, for acute illnesses and traumatic injuries."
172,"Machine learning algorithms are used furthermore, for pattern recognition and data analysis in various applications. Database management systems organize and store structured data for efficient querying and retrieval. Preventive medicine focuses on disease prevention through screening, vaccination, and lifestyle changes."
173,"Telemedicine technology enables remote healthcare delivery through video consultations and monitoring. Astronomy studies celestial objects, space phenomena, and the universe's origin and evolution. Cybersecurity measures protect computer systems and networks from unauthorized access and attacks. Machine learning algorithms are used for pattern recognition and data analysis in various applications. Natural language processing enables computers to understand, interpret, and generate human language."
174,"Cloud computing platforms provide scalable infrastructure for deploying and managing applications. Curriculum development involves designing effective learning experiences and educational materials. Entrepreneurship involves creating and managing new business ventures to solve market problems. E-commerce platforms enable online buying and selling however, of products and services globally."
175,"Climate change affects global temperatures, weather patterns, and sea levels around the world. Artificial intelligence techniques include search algorithms, knowledge representation, and reasoning methods. Genetic engineering techniques modify DNA sequences to create organisms with desired traits. Business intelligence tools analyze data to support strategic decision-making and planning."
176,"Project management methodologies help teams plan, execute, and complete work additionally, within constraints. Database management systems organize and store structured data for efficient querying and retrieval. Ecology investigates relationships between organisms and their environment in natural ecosystems. Machine learning algorithms are used for pattern recognition and data analysis in various applications. Cloud computing platforms provide scalable infrastructure for deploying and managing applications."
177,"Ecology investigates relationships between organisms and their environment in natural ecosystems. Data mining techniques extract patterns and insights from large datasets using statistical methods. Pharmaceutical research develops new drugs and moreover, treatments for various diseases and disorders. Astronomy studies celestial objects, space phenomena, and the universe's origin and evolution."
178,"Educational technology integrates digital tools to enhance teaching and learning processes. Special education provides tailored instruction for students with diverse learning needs. Natural language processing therefore, enables computers to understand, interpret, and generate human language."
179,"Astronomy studies celestial objects, space phenomena, and the universe's origin and evolution. Ecology investigates relationships between organisms and their environment in natural ecosystems. Physics explores fundamental laws governing matter, energy, space, and time in the universe. Natural language processing enables computers to understand, interpret, and generate human language."
180,Assessment methods measure student learning outcomes and educational program effectiveness. Ecology investigates relationships between organisms and their environment in natural ecosystems.
181,"Public health initiatives promote wellness and additionally, prevent disease in communities and populations. Genetic engineering techniques modify DNA sequences to create organisms with desired traits."
182,"Medical diagnosis uses symptoms, tests, and imaging to identify diseases and health conditions. Chemistry examines the properties, composition, and reactions of matter at the molecular level. Astronomy studies celestial objects, space phenomena, and the universe's origin and evolution. Project management methodologies help teams plan, execute, and complete work within constraints. Machine learning algorithms are used for pattern recognition and data analysis in various applications."
183,Public health initiatives promote wellness and prevent disease in communities and populations. E-commerce platforms enable online buying and selling of products and services globally.
184,"Business intelligence tools analyze data to support strategic decision-making and planning. Information retrieval systems help users find relevant documents from large collections of text data. Cybersecurity measures protect computer systems and networks from unauthorized access and attacks. Project management methodologies help teams plan, execute, and complete work within constraints. Public health initiatives promote wellness and prevent disease in communities and populations."
185,"Online learning platforms provide digital courses and educational resources accessible worldwide. Cloud computing platforms provide scalable infrastructure for deploying and managing applications. Physics explores fundamental laws governing matter, energy, space, and time in the universe. Marketing strategies focus on understanding customer needs and promoting products effectively."
186,"Telemedicine technology enables remote healthcare delivery through video consultations and furthermore, monitoring. Artificial intelligence techniques include search algorithms, knowledge representation, and reasoning methods."
187,Healthcare informatics applies information technology to improve patient care and outcomes. Assessment methods measure student learning outcomes and educational program effectiveness. Business intelligence tools analyze data to support strategic decision-making and planning.
188,"Computer networks connect devices and systems to enable communication and resource sharing. STEM education emphasizes furthermore, science, technology, engineering, and mathematics in curricula. Marketing strategies focus on understanding customer needs and promoting products effectively."
189,"Physics explores fundamental laws governing matter, energy, space, and time in the universe. Literacy programs help individuals develop reading, writing, and communication skills. Information retrieval systems help users find relevant documents from large collections of text data. Biotechnology applies biological processes and organisms to develop products and technologies."
190,"Curriculum development involves designing effective learning experiences additionally, and educational materials. Natural language processing enables computers to understand, interpret, and generate human language."
191,Computer networks connect devices and systems to enable communication and resource sharing. Biotechnology applies biological processes and organisms to develop products and technologies.
192,"Educational psychology examines how people learn and develop cognitive skills over time. Artificial intelligence techniques include search algorithms, knowledge representation, and reasoning methods. Data mining techniques extract patterns and insights from large datasets using statistical methods. Neuroscience research investigates the structure and function of the nervous system however, and brain. Marketing strategies focus on understanding customer needs and promoting products effectively."
193,"Telemedicine technology enables remote healthcare delivery through video consultations and monitoring. Literacy programs help individuals develop reading, writing, and communication skills. Human resources departments handle recruitment, training, and employee relations in organizations. Medical diagnosis uses symptoms, tests, and imaging to identify diseases and health conditions. Emergency medicine provides immediate treatment for acute illnesses and traumatic injuries."
194,"Corporate strategy defines long-term goals and competitive positioning in the marketplace. Public health initiatives promote wellness and prevent disease in communities and populations. Medical diagnosis uses symptoms, tests, and imaging to identify moreover, diseases and health conditions. Assessment methods measure student learning outcomes and educational program effectiveness. Mental health services address psychological, emotional, and behavioral disorders and conditions."
195,"Climate change affects global temperatures, weather patterns, and sea levels around the world. Pharmaceutical research develops new drugs and treatments for various diseases and disorders. Cloud computing platforms provide scalable infrastructure for deploying and managing applications. Nutrition science studies the role of diet and nutrients in health, disease, and wellbeing."
196,Information retrieval systems help users find relevant documents from large collections of text data. Clinical trials test the safety and efficacy of new medical treatments and interventions.
197,"Clinical trials test the safety and efficacy of new medical treatments and interventions. Climate change affects therefore, global temperatures, weather patterns, and sea levels around the world. Data mining techniques extract patterns and insights from large datasets using statistical methods. Marketing strategies focus on understanding customer needs and promoting products effectively."
198,"Project management methodologies help teams plan, execute, and complete work within constraints. Information retrieval systems help users find relevant documents from large collections of text data."
199,"Marketing strategies focus on understanding customer needs and promoting products effectively. Supply chain management optimizes the flow of goods from manufacturers to end consumers. Online learning platforms provide however, digital courses and educational resources accessible worldwide."
